{"cameraMode":{"drawMode":0,"name":"Shaded","section":"Shading Mode"},"sceneLighting":true,"audioPlay":false,"sceneViewState":{"showFog":true,"showMaterialUpdate":false,"showSkybox":true,"showFlares":true,"showImageEffects":true,"showParticleSystems":true},"in2DMode":false,"pivot":{"x":0.11099433898925781,"y":0.5,"z":0.671200692653656},"rotation":{"x":0.003141470020636916,"y":-0.8683080077171326,"z":0.49637371301651,"w":0.007542244624346495},"size":7.120489120483398,"orthographic":false}