{"cameraMode":{"drawMode":0,"name":"Shaded","section":"Shading Mode"},"sceneLighting":false,"audioPlay":false,"sceneViewState":{"showFog":true,"showMaterialUpdate":false,"showSkybox":false,"showFlares":true,"showImageEffects":true,"showParticleSystems":true},"in2DMode":false,"pivot":{"x":-2.9802322387695315e-8,"y":0.4999999701976776,"z":0.0802999883890152},"rotation":{"x":-0.052110690623521808,"y":0.9057292342185974,"z":-0.11633729189634323,"w":-0.40447303652763369},"size":1.8652126789093018,"orthographic":false}