{"cameraMode":{"drawMode":0,"name":"Shaded","section":"Shading Mode"},"sceneLighting":false,"audioPlay":false,"sceneViewState":{"showFog":true,"showMaterialUpdate":false,"showSkybox":false,"showFlares":true,"showImageEffects":true,"showParticleSystems":true},"in2DMode":false,"pivot":{"x":-1.9635860919952393,"y":0.3735954165458679,"z":-0.0229339599609375},"rotation":{"x":-0.012498598545789719,"y":0.9844471216201782,"z":-0.07723275572061539,"w":-0.15787583589553834},"size":2.526041269302368,"orthographic":false}