{"cameraMode":{"drawMode":0,"name":"Shaded","section":"Shading Mode"},"sceneLighting":false,"audioPlay":false,"sceneViewState":{"showFog":true,"showMaterialUpdate":false,"showSkybox":true,"showFlares":true,"showImageEffects":true,"showParticleSystems":true},"in2DMode":false,"pivot":{"x":0.5538064241409302,"y":0.9475665092468262,"z":-1.4620020389556885},"rotation":{"x":-0.25352248549461367,"y":0.510638952255249,"z":-0.16080158948898316,"w":-0.8061167001724243},"size":10.317394256591797,"orthographic":true}